name,parent,value
Origin,,
146083,Starter,
10876,Starter,Drama
203134,Starter,Comedy
373615,Starter,Comedy
1009819,Starter,Drama
24551,,
44705,,
6026908,Starter,Comedy
1641825,,
20400000,,
37600000,,
37402877,Starter,Musical
13129846,,
29548291,,
5228617,,
3000000,,
2000000,,
5000000,,
80000000,,
0,Starter,Drama
57141459,Starter,Drama
0,Starter,Drama
34175000,Starter,Comedy
18435,Starter,Thriller/Suspense
56700000,,
28200000,Starter,Adventure
8000000,Starter,Adventure
72544,Starter,Comedy
985341,Starter,Drama
0,Starter,Action
167780960,Starter,Comedy
11744960,Starter,Action
75828,Starter,Drama
2300000,Starter,Musical
4301000,Starter,Comedy
42488161,Starter,Comedy
52700832,Starter,Romantic Comedy
84689,,
10000000,Starter,Drama
6734844,Starter,Drama
999811,Starter,Adventure
54243125,Starter,Action
20257000,Starter,Action
72217396,Starter,Comedy
108360063,Starter,Comedy
12947763,Starter,Horror
64359,Starter,Romantic Comedy
8000000,Starter,Musical
0,Starter,Musical
669276,Starter,Adventure
7900000,Starter,Western
4000000,Starter,Drama
36299670,Starter,Adventure
274299,Starter,Drama
115000000,Starter,Comedy
4000000,Starter,Action
60022813,Starter,Romantic Comedy
38251425,Starter,Comedy
9598,Starter,Horror
24103594,Starter,Adventure
18600000,Starter,Romantic Comedy
78800000,Starter,Action
53208180,Starter,Thriller/Suspense
0,Starter,Action
23616,Starter,Thriller/Suspense
15200000,,
8158,Starter,Comedy
42000000,Starter,Adventure
0,Starter,Adventure
20000000,Starter,Drama
800000,,
63658910,Starter,Adventure
3127472,Starter,Romantic Comedy
16581575,Starter,Comedy
4496583,,
12671300,Starter,Comedy
210609762,Starter,Adventure
118450002,Starter,Adventure
87666629,Starter,Adventure
102308900,Starter,Western
65647413,Starter,Action
8801940,Starter,Thriller/Suspense
5000000,,
773490,,
10751126,Starter,Action
9000000,Starter,Adventure
73000000,Starter,Adventure
31559560,Starter,Adventure
5274005,Starter,Drama
171340294,Starter,Musical
23600000,Starter,Drama
909000,Starter,Western
4655,Starter,Comedy
8800000,,
0,,
4357406,Starter,Comedy
234760478,Starter,Action
153665036,Starter,Action
42586861,Starter,Action
35841901,,
0,,
114968774,Starter,Comedy
11000000,Starter,Drama
56190094,Starter,Drama
1660865,Starter,Drama
2000000,,
16118077,Starter,Drama
887000,,
1610194,Starter,Drama
32656328,Starter,Thriller/Suspense
11806119,Starter,Action
57229890,Starter,Musical
13747234,Starter,Thriller/Suspense
1023424,Starter,Drama
2800000,Starter,Musical
9172000,,
3802260,Starter,Thriller/Suspense
527,Starter,Thriller/Suspense
Unknown,Starter,Comedy
37537675,Starter,Comedy
10000000,Starter,Drama
3500000,Starter,Western
882290,Starter,Action
0,Starter,Documentary
70052444,Starter,Comedy
33300000,Starter,Drama
70001698,Starter,Drama
2962051,Starter,Drama
45892212,Starter,Thriller/Suspense
407488,Starter,Adventure
242623,Starter,Horror
71516617,Starter,Drama
10426506,Starter,Drama
82522790,Starter,Horror
70645997,Starter,Action
8921050,Starter,Thriller/Suspense
75545647,Starter,Drama
0,Starter,Comedy
9929135,Starter,Black Comedy
119500000,Starter,Comedy
609042,Starter,Drama
3500000,Starter,Musical
39916091,Starter,Comedy
50800000,Starter,Action
73326666,Starter,Comedy
162831698,Starter,Action
184031112,Starter,Action
0,,
251188924,Starter,Action
14231669,Starter,Horror
1470856,Starter,Comedy
9000000,Starter,Comedy
15030,Starter,Drama
19000000,Starter,Thriller/Suspense
174682,Starter,Drama
39846344,Starter,Comedy
79091969,Starter,Thriller/Suspense
122012656,Starter,Action
25878153,Starter,Horror
22744718,Starter,Comedy
3479302,Starter,Comedy
25928721,Starter,Drama
0,,
166000000,Starter,Adventure
60240295,Starter,Comedy
49000,Starter,Thriller/Suspense
33244684,Starter,Horror
26904572,Starter,Horror
21226204,Starter,Action
814666,Starter,Drama
57159946,Starter,Drama
19294144,Starter,Comedy
17570324,Starter,Drama
4700000,Starter,Horror
0,Starter,Action
13024170,Starter,Comedy
1647780,Starter,Comedy
48000000,Starter,Drama
84049211,Starter,Action
4134,Starter,Drama
92115211,Starter,Drama
32092,Starter,Drama
56598476,Starter,Comedy
93589701,Starter,Drama
3073428,Starter,Comedy
5969553,Starter,Drama
30000000,Starter,Adventure
444354,,
35073978,Starter,Action
52293000,Starter,Drama
85000000,Starter,Drama
81022333,Starter,Adventure
38264085,Starter,Action
26400000,Starter,Action
6965361,Starter,Drama
1953732,Starter,Adventure
7033,Starter,Documentary
925402,Starter,Comedy
32653000,,
0,,
68856263,Starter,Comedy
9700000,,
94596,,
174803506,Starter,Comedy
673780,Starter,Drama
713413,Starter,Drama
20036244,Starter,Horror
14000000,Starter,Horror
62546695,Starter,Drama
91387195,Starter,Action
1000000,Starter,Adventure
0,,
0,Starter,Black Comedy
10462500,Starter,Drama
42438300,Starter,Drama
100328194,Starter,Comedy
2000000,Starter,Musical
24911670,Starter,Comedy
20278055,Starter,Drama
10017322,Starter,Adventure
244465,Starter,Drama
4000000,Starter,Drama
59003384,Starter,Drama
5321508,Starter,Western
4420000,Starter,Thriller/Suspense
70071,Starter,Thriller/Suspense
32051917,Starter,Thriller/Suspense
4372561,Starter,Action
11487676,Starter,Drama
25532388,Starter,Action
127175374,Starter,Comedy
43800000,Starter,Action
9579068,Starter,Horror
423,Starter,Horror
67163857,Starter,Drama
32908290,Starter,Action
103738726,Starter,Action
84733,,
5100000,Starter,Horror
113502246,Starter,Comedy
58422650,Starter,Comedy
210904,Starter,Action
95860116,Starter,Drama
3700000,,
45000000,,
20766000,Starter,Horror
117323878,Starter,Action
100012499,Starter,Action
51364680,Starter,Adventure
81350242,Starter,Action
12592907,Starter,Comedy
129319,Starter,Drama
22032635,Starter,Drama
21089146,Starter,Horror
Unknown,,
39387284,Starter,Drama
184208842,Starter,Western
34700000,Starter,Drama
6600000,,
349618,,
29090445,Starter,Action
34167219,Starter,Drama
5804262,Starter,Horror
82670733,Starter,Action
39659,,
14000,Starter,Documentary
Unknown,,
0,,
16556,Starter,Drama
50000000,Starter,Drama
6000000,Starter,Action
106593296,Starter,Drama
31899000,,
26004026,Starter,Comedy
27447471,Starter,Action
7714996,Starter,Documentary
58936,,
542909,Starter,Drama
111721000,Starter,Drama
2400000,Starter,Horror
5923044,Starter,Horror
11502976,Starter,Horror
673,,
53976987,Starter,Comedy
5828466,Starter,Comedy
15000000,,
9725847,Starter,Musical
26010864,,
22231658,Starter,Romantic Comedy
290271960,Starter,Adventure
25244700,Starter,Action
25426861,Starter,Action
12300000,,
101295562,Starter,Action
7000000,,
18016290,Starter,Comedy
435110554,Starter,Drama
1152117,,
25011000,Starter,Horror
5046118,Starter,Drama
7100000,Starter,Action
11000000,,
156645693,Starter,Thriller/Suspense
13200000,,
31425,Starter,Horror
0,Starter,Comedy
41158757,,
25728961,Starter,Horror
39754601,Starter,Horror
36690067,Starter,Horror
32980880,Starter,Horror
21930418,Starter,Horror
19472057,Starter,Horror
19170001,Starter,Horror
14343976,Starter,Horror
15935068,Starter,Horror
4300000,Starter,Western
3500000,Starter,Western
4750000,,
21722776,Starter,Horror
2104439,Starter,Black Comedy
11497497,Starter,Action
141340178,Starter,Drama
183875760,Starter,Thriller/Suspense
30500000,,
87264,Starter,Drama
302204,,
20388920,Starter,Drama
90463574,Starter,Drama
17192205,Starter,Action
27107960,Starter,Action
130531208,Starter,Comedy
14471440,Starter,Action
61308153,Starter,Thriller/Suspense
181798,,
77070,Starter,Comedy
1212799,Starter,Drama
83320000,Starter,Musical
60507228,Starter,Musical
21378361,Starter,Horror
329694499,Starter,Drama
6730578,Starter,Action
80500000,Starter,Musical
15000000,Starter,Comedy
47212904,Starter,Action
27467564,Starter,Comedy
0,Starter,Thriller/Suspense
45785720,Starter,Action
24567751,Starter,Thriller/Suspense
37361412,Starter,Drama
24800000,Starter,Action
158340892,Starter,Thriller/Suspense
12600000,,
80000000,Starter,Musical
27092880,Starter,Comedy
10514,Starter,Drama
105489203,Starter,Comedy
14853474,Starter,Comedy
54800000,Starter,Action
623791,Starter,Drama
1336,Starter,Action
38564422,Starter,Action
5732587,,
2335352,Starter,Drama
6100000,Starter,Western
23894000,Starter,Thriller/Suspense
57300000,,
66520529,Starter,Drama
46743809,Starter,Drama
134966411,,
2637726,Starter,Drama
11744471,,
12604,Starter,Musical
217631306,Starter,Drama
238632124,Starter,Comedy
4880941,Starter,Comedy
106429941,Starter,Action
20404841,Starter,Action
26593580,Starter,Action
51773,Starter,Drama
123922370,Starter,Comedy
52767889,Starter,Drama
5363000,Starter,Drama
7800000,,
0,Starter,Drama
5691854,Starter,Drama
79817937,Starter,Action
28835,Starter,Drama
51100000,Starter,Action
70906973,Starter,Comedy
148168459,Starter,Comedy
1152411,Starter,Comedy
41476097,Starter,Comedy
15473333,Starter,Drama
4068087,Starter,Drama
36000000,,
391942,Starter,Action
72021008,Starter,Comedy
10731997,Starter,Drama
227241,Starter,Drama
198680470,Starter,Drama
2746453,Starter,Comedy
7018525,Starter,Action
19571091,Starter,Adventure
Unknown,,
6000000,Starter,Comedy
3700,Starter,Comedy
6800000,Starter,Western
14564000,Starter,Horror
19487173,Starter,Comedy
13738574,Starter,Action
5900000,Starter,Action
0,,
8000000,,
31672000,Starter,Comedy
33208099,,
25533818,Starter,Horror
14400000,Starter,Horror
17768757,Starter,Horror
11642254,Starter,Horror
15126948,Starter,Horror
47000000,Starter,Horror
173585516,Starter,Comedy
285761243,Starter,Comedy
89134,,
121807,Starter,Drama
5142858,Starter,Drama
10161099,Starter,Action
1183658,,
119654823,Starter,Adventure
19438638,Starter,Comedy
39360491,Starter,Comedy
17985000,,
15700000,Starter,Western
7768371,Starter,Documentary
38623460,Starter,Comedy
2816518,Starter,Comedy
12299668,Starter,Comedy
655538,Starter,Adventure
120709866,Starter,Thriller/Suspense
12000000,,
26570048,Starter,Adventure
1320043,Starter,Drama
7600000,,
10000000,,
17218916,Starter,Action
3484331,,
2301777,Starter,Comedy
23800000,,
34562222,,
16295774,Starter,Action
31063038,,
162605,Starter,Documentary
6600000,,
13075390,Starter,Comedy
306169255,Starter,Adventure
27682712,Starter,Adventure
0,Starter,Documentary
884,Starter,Action
35627222,Starter,Adventure
33598,,
836641,Starter,Drama
13000000,,
2883661,Starter,Drama
8864699,Starter,Comedy
4884663,Starter,Horror
493905,,
Unknown,,
15716828,Starter,Adventure
79161,,
24379978,,
58617334,Starter,Drama
9812870,Starter,Thriller/Suspense
60592389,Starter,Comedy
16067035,Starter,Action
44342956,Starter,Adventure
34687912,Starter,Action
7555256,Starter,Comedy
2461628,Starter,Drama
70405498,Starter,Drama
635305,Starter,Drama
3707583,Starter,Comedy
100458310,Starter,Adventure
22730924,Starter,Thriller/Suspense
7294,,
357067947,Starter,Action
55000,Starter,Drama
260000000,Starter,Horror
102922376,Starter,Horror
15728335,Starter,Horror
3275443,Starter,Drama
14533681,Starter,Action
7412216,Starter,Drama
25023424,Starter,Comedy
91457688,Starter,Comedy
10000000,,
52614445,,
14942422,Starter,Drama
0,Starter,Action
0,,
17000000,,
1358,,
19585,Starter,Action
11052713,Starter,Drama
1430721,Starter,Action
1353824,Starter,Drama
43984000,Starter,Drama
50016394,Starter,Action
35400000,Starter,Action
2217561,Starter,Comedy
321952,,
22434,,
48092846,Starter,Adventure
39100000,Starter,Action
51185000,Starter,Action
217350219,Starter,Comedy
29317886,Starter,Action
2542264,Starter,Drama
18400000,Starter,Action
5017971,Starter,Thriller/Suspense
1500000,,
49851591,Starter,Comedy
15502112,Starter,Adventure
3100000,,
11603545,Starter,Horror
1705139,Starter,Horror
33447612,Starter,Action
25317,Starter,Documentary
313436,,
9250000,Starter,Drama
10400000,,
2040920,Starter,Action
18115927,Starter,Action
85160248,Starter,Action
54927174,Starter,Action
328539505,Starter,Adventure
20123742,Starter,Comedy
212285,Starter,Comedy
5269990,Starter,Thriller/Suspense
13400000,Starter,Western
72455275,Starter,Action
9000000,,
15198912,Starter,Action
1246141,,
399793,,
66502573,Starter,Drama
107533925,Starter,Comedy
27979399,Starter,Comedy
11000000,,
201857,,
25000000,,
206400,Starter,Drama
1050861,,
38747385,Starter,Musical
12961389,Starter,Drama
833118,Starter,Drama
65192350,Starter,Action
144731527,Starter,Action
12836,,
4595000,Starter,Musical
8373585,Starter,Drama
34667015,Starter,Action
200433,Starter,Drama
31983777,Starter,Drama
32100816,Starter,Action
12232628,Starter,Action
50003303,Starter,Drama
37495385,Starter,Adventure
27731527,Starter,Action
22549338,Starter,Drama
14873,Starter,Western
0,,
900000,,
48169910,Starter,Drama
10000000,,
102300000,Starter,Musical
5707094,Starter,Drama
14102929,Starter,Action
81600000,,
119920129,Starter,Comedy
37771017,Starter,Comedy
16153000,Starter,Drama
10400000,Starter,Adventure
0,,
18642318,Starter,Documentary
11092559,Starter,Drama
52929168,Starter,Comedy
44948240,Starter,Drama
48856,Starter,Drama
24474312,Starter,Comedy
51973029,Starter,Drama
163245,Starter,Comedy
50752337,Starter,Comedy
28350000,,
5675599,Starter,Action
41267469,Starter,Romantic Comedy
44785053,,
38413606,Starter,Action
49793054,Starter,Comedy
2200000,,
126021,Starter,Horror
24600832,Starter,Action
46300000,,
8750000,Starter,Action
36230219,Starter,Action
20659423,Starter,Drama
0,,
3427696,,
4239767,Starter,Comedy
13680000,,
19032000,Starter,Drama
1000000,,
14358033,Starter,Comedy
900,Starter,Drama
6401336,Starter,Black Comedy
70300000,Starter,Action
35324232,Starter,Action
2938000,,
20008693,Starter,Comedy
2108367,Starter,Comedy
902835,Starter,Romantic Comedy
10039566,Starter,Romantic Comedy
219195051,Starter,Comedy
9000000,Starter,Drama
70433227,Starter,Action
22006296,Starter,Horror
8200000,,
13854000,Starter,Comedy
8000000,,
180981886,Starter,Action
8400000,,
20133326,Starter,Comedy
103509,Starter,Comedy
27281507,Starter,Comedy
21000000,Starter,Action
72000000,Starter,Musical
12793213,Starter,Comedy
1207007,Starter,Romantic Comedy
10508,,
4408636,Starter,Drama
179880271,Starter,Adventure
197171806,Starter,Adventure
100358,Starter,Drama
49369899,Starter,Horror
3386698,Starter,Romantic Comedy
14600000,Starter,Action
78716374,Starter,Drama
2500000,,
86930411,Starter,Comedy
51041856,Starter,Comedy
141600000,,
12000000,Starter,Horror
143273,,
12800000,,
25504513,Starter,Horror
21163999,Starter,Horror
44793222,Starter,Horror
22168359,Starter,Horror
34872033,Starter,Horror
18090181,Starter,Horror
5835247,Starter,Horror
24464742,,
55500000,Starter,Action
2119994,,
22189039,Starter,Action
105264608,Starter,Horror
128814019,Starter,Comedy
21300000,Starter,Adventure
47329,,
13668249,Starter,Drama
13800000,Starter,Musical
10763469,Starter,Drama
0,Starter,Action
67900000,Starter,Action
38590458,Starter,Action
108981275,,
1355728,Starter,Horror
22800000,Starter,Action
48570885,Starter,Horror
12610552,Starter,Action
79096868,Starter,Drama
419428,,
52302978,Starter,Drama
4720371,Starter,Drama
1987,Starter,Drama
2844379,Starter,Drama
49772,Starter,Drama
9600000,,
67823573,Starter,Thriller/Suspense
25697647,Starter,Drama
3607,Starter,Thriller/Suspense
81198894,Starter,Comedy
126247,Starter,Comedy
199228,,
41410568,Starter,Western
83287363,Starter,Action
5656388,Starter,Romantic Comedy
141579773,Starter,Adventure
5000000,,
4333569,Starter,Comedy
36000000,,
8000000,,
74706019,Starter,Horror
14114000,Starter,Horror
7000000,Starter,Horror
104636382,Starter,Drama
77324422,Starter,Drama
17220599,Starter,Action
3221152,Starter,Thriller/Suspense
413802,,
2956000,,
33395426,,
21706101,Starter,Black Comedy
172070496,Starter,Drama
137963328,Starter,Drama
779137,Starter,Drama
15382170,Starter,Adventure
881950,Starter,Thriller/Suspense
8231,,
287000,Starter,Drama
2104164,Starter,Adventure
27450453,Starter,Drama
109492484,Starter,Comedy
4930,Starter,Documentary
49823037,,
28317513,Starter,Action
59735548,Starter,Action
30857000,Starter,Adventure
354704,Starter,Horror
19284974,Starter,Thriller/Suspense
21000000,,
74787599,Starter,Drama
0,Starter,Drama
178406268,Starter,Romantic Comedy
0,Starter,Drama
12200000,,
41382841,Starter,Comedy
87400000,Starter,Adventure
57469179,Starter,Horror
62500000,,
194523,,
107928762,Starter,Drama
31678778,Starter,Musical
7000000,Starter,Comedy
2794056,Starter,Comedy
255000,Starter,Horror
18552460,Starter,Western
21413105,Starter,Western
20959585,Starter,Adventure
30000000,,
2197694,Starter,Drama
8000000,,
136492681,Starter,Action
33395426,,
6000000,Starter,Drama
165493908,Starter,Adventure
32281907,Starter,Action
31390587,Starter,Drama
23380203,Starter,Drama
2684904,Starter,Drama
21171695,Starter,Thriller/Suspense
53424681,Starter,Action
10696210,Starter,Action
38087756,Starter,Comedy
14792779,Starter,Comedy
4651977,Starter,Drama
2832029,,
245034358,Starter,Adventure
9012000,,
50000000,Starter,Drama
10019109,Starter,Drama
6905861,Starter,Action
309205079,Starter,Adventure
501752,Starter,Drama
401,Starter,Drama
6706368,Starter,Documentary
21500000,Starter,Action
139876417,Starter,Musical
30050028,Starter,Action
3275585,Starter,Drama
0,Starter,Drama
117235147,,
9205924,Starter,Horror
1111615,Starter,Comedy
24172899,Starter,Comedy
150415432,Starter,Action
53715611,Starter,Action
46338728,Starter,Drama
0,,
172825435,Starter,Comedy
305070,,
2000000,,
36000000,,
134069511,Starter,Action
22954968,Starter,Drama
83453539,Starter,Comedy
2300000,Starter,Comedy
164649,,
7000000,,
4100000,Starter,Drama
14237880,Starter,Horror
0,Starter,Comedy
1338,Starter,Documentary
10618813,Starter,Adventure
38122000,Starter,Action
7267324,Starter,Thriller/Suspense
9118,Starter,Thriller/Suspense
46815000,Starter,Action
100125643,Starter,Thriller/Suspense
21210,,
13417292,Starter,Drama
30356589,Starter,Comedy
53458319,Starter,Romantic Comedy
390659,Starter,Drama
14545844,Starter,Drama
44942821,Starter,Drama
96067179,Starter,Drama
8000000,,
2154540,Starter,Thriller/Suspense
381225,Starter,Documentary
30000000,Starter,Action
410919,Starter,Drama
2000000,,
0,Starter,Documentary
0,,
3500000,,
18195,Starter,Thriller/Suspense
0,Starter,Action
7137502,Starter,Comedy
71565669,Starter,Action
31835600,Starter,Action
11000000,,
25842377,Starter,Drama
2315000,,
2620000,,
5778353,Starter,Adventure
35811509,Starter,Drama
44017374,Starter,Horror
15024232,Starter,Adventure
14375181,Starter,Comedy
20254932,Starter,Drama
28241469,Starter,Drama
10803211,Starter,Horror
44701,Starter,Romantic Comedy
36049108,Starter,Drama
130726716,Starter,Thriller/Suspense
0,Starter,Black Comedy
76382,,
15171475,Starter,Horror
24475416,Starter,Drama
1227508,,
25000000,,
10359006,Starter,Drama
298347,Starter,Action
18344729,Starter,Comedy
53300852,Starter,Drama
13134,,
11000000,,
2013052,Starter,Drama
23341568,Starter,Drama
33200000,Starter,Western
1500000,Starter,Drama
24741667,,
0,Starter,Thriller/Suspense
4055,Starter,Comedy
20844907,Starter,Action
9709597,Starter,Drama
6719300,Starter,Comedy
7881335,Starter,Comedy
95204,Starter,Drama
36145695,Starter,Comedy
144833357,Starter,Comedy
1250798,Starter,Comedy
42993774,Starter,Drama
3600000,,
6260,Starter,Drama
163214286,Starter,Musical
9482579,Starter,Romantic Comedy
2712293,,
38119483,Starter,Comedy
121248145,Starter,Action
60054449,Starter,Action
2000000,Starter,Thriller/Suspense
15000000,Starter,Comedy
7000000,,
62599495,Starter,Comedy
11227824,Starter,Action
108185706,Starter,Adventure
59950623,Starter,Adventure
5494,,
134218018,Starter,Adventure
57362581,Starter,Action
12000000,,
33312,Starter,Documentary
2221994,Starter,Thriller/Suspense
30306268,Starter,Action
82258456,Starter,Adventure
76471046,Starter,Adventure
109713132,Starter,Adventure
52287414,Starter,Drama
9286314,Starter,Action
13500000,,
33423000,Starter,Action
79912963,Starter,Adventure
220944,,
159616327,,
304602,Starter,Drama
52210049,Starter,Action
74888996,Starter,Action
75671262,Starter,Adventure
85300000,Starter,Comedy
32773011,Starter,Comedy
460998007,Starter,Adventure
1310470,Starter,Drama
0,Starter,Comedy
7000000,,
18272447,Starter,Drama
69582,,
271736,Starter,Action
8000000,,
7800000,,
46800000,Starter,Action
245359,Starter,Comedy
4505922,Starter,Comedy
184925485,Starter,Musical
4306697,Starter,Drama
5400000,,
247740,Starter,Documentary
26936265,Starter,Comedy
0,,
1687311,Starter,Drama
32014993,Starter,Drama
3468572,Starter,Drama
26572439,Starter,Horror
8025872,Starter,Horror
44853581,Starter,Action
53854588,Starter,Romantic Comedy
13000000,,
21284514,Starter,Black Comedy
8000000,,
7888000,Starter,Comedy
18582965,Starter,Thriller/Suspense
0,Starter,Horror
1110186,Starter,Drama
2210408,Starter,Drama
125169,Starter,Comedy
4064333,Starter,Action
176786701,Starter,Action
63600000,Starter,Action
0,,
24769466,Starter,Thriller/Suspense
2500000,Starter,Romantic Comedy
50621733,Starter,Thriller/Suspense
886410,Starter,Drama
19800,,
13000000,Starter,Thriller/Suspense
11784569,Starter,Horror
37400000,Starter,Adventure
56505000,Starter,Western
1500711,Starter,Drama
78656813,Starter,Adventure
42273609,Starter,Adventure
63408614,Starter,Action
135265915,Starter,Adventure
6000000,,
35856053,Starter,Drama
16501785,Starter,Drama
6800000,,
7190505,Starter,Comedy
617172,Starter,Documentary
146282411,Starter,Action
204859496,Starter,Action
506793,Starter,Drama
38019031,Starter,Action
16667084,Starter,Action
12281000,Starter,Thriller/Suspense
26918576,Starter,Action
14400000,,
195043,,
1161843,Starter,Thriller/Suspense
529766,Starter,Black Comedy
108766007,Starter,Drama
119394839,Starter,Action
37227,Starter,Drama
177200000,Starter,Comedy
25857416,Starter,Drama
7000000,,
111936388,Starter,Comedy
241888385,Starter,Action
116000000,,
21100000,Starter,Drama
121016,,
191796233,Starter,Adventure
29500000,Starter,Horror
2483790,Starter,Thriller/Suspense
6157157,,
9054736,Starter,Drama
50024083,Starter,Action
76270454,Starter,Action
18826490,Starter,Comedy
2938532,Starter,Drama
2120439,Starter,Horror
659000,Starter,Comedy
146072,Starter,Comedy
9132000,,
19637147,Starter,Horror
53977250,Starter,Drama
23998226,Starter,Action
0,,
50327960,Starter,Action
2025032,Starter,Drama
4741987,Starter,Drama
3347647,Starter,Drama
16137,Starter,Comedy
10941801,Starter,Documentary
2922988,Starter,Comedy
154112492,Starter,Comedy
34729091,Starter,Adventure
10229300,Starter,Adventure
9170214,Starter,Drama
7369373,Starter,Horror
13000000,Starter,Musical
1287480,Starter,Romantic Comedy
509424,Starter,Western
43848100,Starter,Drama
Unknown,,
2000000,,
110719,,
Unknown,,
10555348,Starter,Comedy
65011757,Starter,Thriller/Suspense
6448817,Starter,Action
74433837,Starter,Thriller/Suspense
8824553,Starter,Horror
12500000,,
3902679,Starter,Horror
81525,,
43700000,,
1652472,Starter,Comedy
4198137,Starter,Comedy
65532576,Starter,Thriller/Suspense
88246220,Starter,Action
4000000,,
121697323,Starter,Comedy
25052000,Starter,Western
28202232,Starter,Musical
56679192,Starter,Thriller/Suspense
21750000,,
204632868,Starter,Horror
17378193,Starter,Drama
4000000,,
26792700,Starter,Drama
44726644,Starter,Western
86300000,,
39012241,Starter,Musical
43100000,Starter,Action
16892,Starter,Documentary
19739000,Starter,Adventure
66941559,Starter,Comedy
38177966,Starter,Romantic Comedy
94784201,Starter,Adventure
54702,Starter,Drama
0,,
80048433,Starter,Action
12234694,Starter,Action
3287435,Starter,Drama
57139723,Starter,Comedy
41867960,Starter,Horror
71985628,Starter,Horror
24375436,Starter,Thriller/Suspense
10744,Starter,Romantic Comedy
36895141,Starter,Action
229311,,
9055010,Starter,Romantic Comedy
166112167,Starter,Action
1442338,Starter,Drama
541636,Starter,Comedy
81159365,Starter,Thriller/Suspense
16248701,Starter,Drama
13084595,Starter,Drama
37035515,Starter,Comedy
45064915,Starter,Horror
28638916,Starter,Horror
18947630,Starter,Drama
44875481,Starter,Comedy
3149034,Starter,Drama
22991379,Starter,Drama
42023715,Starter,Drama
22235901,Starter,Romantic Comedy
93354918,Starter,Romantic Comedy
210614939,Starter,Action
39568996,Starter,Horror
60652036,Starter,Action
15738632,Starter,Drama
9821335,Starter,Comedy
53606916,Starter,Western
37939782,Starter,Romantic Comedy
109449237,Starter,Comedy
74494381,Starter,Drama
120146040,Starter,Comedy
18306166,Starter,Drama
26218170,Starter,Thriller/Suspense
1196321,Starter,Drama
120776832,Starter,Romantic Comedy
134624,,
34543701,Starter,Action
69951824,Starter,Drama
16930884,Starter,Thriller/Suspense
81612565,Starter,Adventure
17266505,Starter,Comedy
116724075,Starter,Drama
3076425,Starter,Musical
31749894,Starter,Adventure
1222889,Starter,Drama
16323969,Starter,Comedy
57262492,Starter,Comedy
40803000,Starter,Romantic Comedy
162798565,Starter,Adventure
10719367,Starter,Thriller/Suspense
50068310,Starter,Thriller/Suspense
1253413,Starter,Comedy
294244,,
22498520,Starter,Comedy
3203044,Starter,Romantic Comedy
21078145,Starter,Drama
25857987,Starter,Action
28328132,Starter,Action
7459300,Starter,Drama
599903,Starter,Drama
24646936,Starter,Comedy
172956409,Starter,Action
18848430,Starter,Drama
7221458,Starter,Drama
22406362,Starter,Western
25482931,Starter,Comedy
353480,Starter,Drama
127214072,Starter,Comedy
48114556,Starter,Comedy
334191110,Starter,Adventure
13395939,Starter,Comedy
120620,Starter,Drama
58183966,Starter,Drama
47795018,Starter,Action
80930630,Starter,Horror
21835784,Starter,Comedy
15527125,Starter,Western
32522352,Starter,Comedy
100289690,Starter,Comedy
242704995,Starter,Comedy
184255,Starter,Drama
5178569,Starter,Horror
10115431,Starter,Adventure
74058698,Starter,Thriller/Suspense
1779284,Starter,Drama
0,Starter,Adventure
217326974,Starter,Comedy
14208384,Starter,Drama
34297191,Starter,Adventure
5719000,Starter,Drama
130058047,Starter,Drama
7013191,Starter,Comedy
7314027,Starter,Black Comedy
14246488,Starter,Drama
33201661,Starter,Comedy
6719864,Starter,Drama
130164645,Starter,Drama
16298046,Starter,Horror
44212592,Starter,Drama
927107,Starter,Drama
5383834,Starter,Drama
145096820,Starter,Comedy
104354205,Starter,Comedy
101800948,Starter,Comedy
15070285,Starter,Black Comedy
6003587,Starter,Drama
93607673,Starter,Romantic Comedy
65233369,Starter,Horror
31526393,Starter,Horror
65598907,Starter,Horror
58403409,Starter,Musical
84136909,Starter,Comedy
133375846,Starter,Thriller/Suspense
13038660,Starter,Drama
24044532,Starter,Drama
135560942,Starter,Comedy
30331165,Starter,Comedy
55762229,Starter,Comedy
39251128,Starter,Drama
32122249,Starter,Comedy
106885658,Starter,Comedy
28142535,Starter,Adventure
10965209,Starter,Thriller/Suspense
15962471,Starter,Drama
90757863,Starter,Adventure
18653615,Starter,Drama
20211394,Starter,Western
50866635,Starter,Adventure
2528664,Starter,Comedy
20733485,Starter,Drama
18597342,Starter,Comedy
1693000,Starter,Drama
82674398,Starter,Romantic Comedy
24419219,Starter,Thriller/Suspense
201578182,Starter,Adventure
13684949,Starter,Adventure
5881504,Starter,Drama
51877963,Starter,Adventure
15132763,Starter,Adventure
78616689,Starter,Drama
30199105,Starter,Thriller/Suspense
19551067,Starter,Adventure
9228788,Starter,Comedy
11003643,Starter,Drama
148478011,Starter,Romantic Comedy
9176000,Starter,Drama
16316273,Starter,Drama
20040895,Starter,Action
10672566,Starter,Thriller/Suspense
77222099,Starter,Action
22365133,Starter,Drama
5520368,Starter,Comedy
21170563,Starter,Comedy
84052762,Starter,Adventure
24185781,Starter,Drama
37752931,Starter,Drama
50980159,Starter,Drama
6525762,Starter,Black Comedy
31664162,Starter,Drama
24343673,Starter,Musical
206040085,Starter,Comedy
213117789,Starter,Comedy
53883989,Starter,Comedy
49551662,Starter,Drama
2062066,Starter,Drama
760167650,Starter,Action
23385416,Starter,Action
102608827,Starter,Drama
80281096,Starter,Horror
24004159,Starter,Adventure
14373825,Starter,Thriller/Suspense
1071240,Starter,Drama
9451946,Starter,Comedy
54997476,Starter,Thriller/Suspense
18319860,Starter,Adventure
34302837,Starter,Drama
22532572,Starter,Action
17321573,Starter,Comedy
9109322,Starter,Comedy
27151490,Starter,Comedy
138540870,Starter,Action
30157016,Starter,Action
5211842,Starter,Drama
1702112,Starter,Drama
32868349,Starter,Comedy
60355347,Starter,Black Comedy
15325127,Starter,Action
21799652,Starter,Romantic Comedy
5241315,Starter,Drama
15298133,Starter,Action
30306281,Starter,Comedy
8460000,Starter,Drama
11156471,Starter,Adventure
5946136,Starter,Thriller/Suspense
26599248,Starter,Thriller/Suspense
205343774,Starter,Action
21471685,Starter,Action
533345358,Starter,Action
10155691,Starter,Horror
280351,Starter,Comedy
28734552,Starter,Drama
127509326,Starter,Drama
60494212,Starter,Comedy
29374178,Starter,Thriller/Suspense
21731001,Starter,Romantic Comedy
1744858,Starter,Comedy
55849401,Starter,Comedy
163479795,Starter,Comedy
37879996,Starter,Comedy
39394666,Starter,Thriller/Suspense
57377916,Starter,Action
33302167,Starter,Comedy
3134509,Starter,Drama
63118386,Starter,Comedy
32543449,Starter,Drama
35930604,Starter,Drama
126631277,Starter,Comedy
475000,Starter,Comedy
22858926,Starter,Black Comedy
58855732,Starter,Action
8093373,Starter,Drama
22852487,Starter,Drama
7301288,Starter,Musical
2047570,Starter,Documentary
59843754,Starter,Comedy
131591957,Starter,Adventure
82195215,Starter,Adventure
8378141,Starter,Comedy
36351350,Starter,Comedy
3802390,Starter,Drama
47811275,Starter,Comedy
66432867,Starter,Drama
5792822,Starter,Drama
27066941,Starter,Action
4919896,Starter,Romantic Comedy
17498804,Starter,Comedy
117559438,Starter,Comedy
108638745,Starter,Action
16500786,Starter,Thriller/Suspense
6471394,Starter,Comedy
7262288,Starter,Comedy
21995263,Starter,Drama
58220776,Starter,Drama
5005899,Starter,Drama
18663911,Starter,Romantic Comedy
40203020,Starter,Romantic Comedy
71500556,Starter,Romantic Comedy
30060660,Starter,Thriller/Suspense
70141876,Starter,Action
140539099,Starter,Horror
26613620,Starter,Comedy
81676888,Starter,Action
52397389,Starter,Action
118594548,Starter,Comedy
255959475,Starter,Drama
26199517,Starter,Thriller/Suspense
4398392,Starter,Thriller/Suspense
16235738,Starter,Horror
9396870,Starter,Drama
0,Starter,Drama
3073392,Starter,Thriller/Suspense
90639088,Starter,Comedy
96493426,Starter,Comedy
1083350,Starter,Thriller/Suspense
52990775,Starter,Drama
14294842,Starter,Action
40118420,Starter,Drama
2185266,Starter,Drama
170708996,Starter,Drama
70165972,Starter,Comedy
0,,
30471,Starter,Action
0,Starter,Western
41523271,Starter,Comedy
11242801,Starter,Drama
94835059,Starter,Action
46752382,Starter,Horror
114053579,Starter,Comedy
26814957,Starter,Drama
66488090,Starter,Thriller/Suspense
7316658,Starter,Horror
2353728,Starter,Comedy
26410771,Starter,Drama
128505958,Starter,Comedy
121468960,Starter,Action
176087450,Starter,Action
227471070,Starter,Action
22619589,Starter,Comedy
15549702,Starter,Romantic Comedy
36779296,Starter,Drama
21576018,Starter,Documentary
11540607,Starter,Drama
9030581,Starter,Drama
23010607,Starter,Action
40334024,Starter,Comedy
6601079,Starter,Musical
4426297,Starter,Drama
58715510,Starter,Comedy
178287,Starter,Comedy
852206,Starter,Thriller/Suspense
2075743,Starter,Drama
16640210,Starter,Black Comedy
50159144,Starter,Thriller/Suspense
27163593,Starter,Thriller/Suspense
83043761,Starter,Drama
12232382,Starter,Romantic Comedy
118806699,Starter,Romantic Comedy
45779,Starter,Comedy
0,,
458232,Starter,Drama
16963963,Starter,Drama
900926,Starter,Comedy
27457409,Starter,Comedy
27362712,Starter,Romantic Comedy
4444637,Starter,Drama
450594,Starter,Thriller/Suspense
7800825,Starter,Comedy
366301,Starter,Drama
65070412,Starter,Comedy
75781642,Starter,Comedy
18621249,Starter,Comedy
60060328,Starter,Comedy
120831050,Starter,Action
68208190,Starter,Action
57924679,Starter,Thriller/Suspense
45506619,Starter,Comedy
107325195,Starter,Action
8586376,Starter,Comedy
1239183,Starter,Comedy
145382,Starter,Drama
5002310,Starter,Comedy
2380606,Starter,Comedy
353743,Starter,Comedy
26528684,Starter,Comedy
25534493,Starter,Drama
66458769,Starter,Comedy
63313159,Starter,Comedy
72779000,Starter,Comedy
6144806,Starter,Drama
21158188,Starter,Horror
3647381,Starter,Drama
8138000,Starter,Drama
25358996,Starter,Comedy
28750530,Starter,Drama
1060591,Starter,Romantic Comedy
137855863,Starter,Drama
17760244,Starter,Horror
244082982,Starter,Comedy
233632142,Starter,Drama
164606800,Starter,Drama
101018283,Starter,Comedy
3588602,Starter,Musical
40202379,Starter,Action
1276984,Starter,Black Comedy
16988996,Starter,Adventure
17200925,Starter,Drama
53359111,Starter,Adventure
220175,,
8047525,Starter,Comedy
40048332,Starter,Action
25590119,Starter,Adventure
5078660,Starter,Comedy
61280963,Starter,Thriller/Suspense
32003620,Starter,Thriller/Suspense
7871693,Starter,Adventure
206459076,Starter,Comedy
4299773,Starter,Thriller/Suspense
100814328,Starter,Action
125305545,Starter,Adventure
12006514,Starter,Romantic Comedy
170687518,Starter,Musical
135386665,Starter,Adventure
106793915,Starter,Adventure
138614544,Starter,Comedy
82571173,Starter,Comedy
2715657,Starter,Drama
11263966,Starter,Action
32404188,Starter,Horror
17016190,Starter,Horror
35552383,Starter,Thriller/Suspense
3075255,Starter,Thriller/Suspense
4617608,Starter,Drama
71309760,Starter,Drama
1031872,Starter,Drama
3629758,Starter,Drama
306715,Starter,Comedy
1055671,Starter,Drama
49526,Starter,Drama
82985708,Starter,Drama
61649911,Starter,Drama
51438175,Starter,Romantic Comedy
78750909,Starter,Drama
56709981,Starter,Drama
206678,Starter,Comedy
11540112,Starter,Comedy
622023,Starter,Western
139225854,Starter,Comedy
95632614,Starter,Drama
138711,Starter,Drama
137355633,Starter,Comedy
8135024,Starter,Comedy
378650,,
33987757,Starter,Drama
24148068,Starter,Comedy
93932896,Starter,Romantic Comedy
112735375,Starter,Romantic Comedy
2281585,Starter,Drama
75976178,Starter,Action
17804273,Starter,Drama
5488570,Starter,Drama
871577,Starter,Drama
119621,,
67264877,Starter,Drama
16007718,Starter,Drama
6113834,Starter,Drama
197148,,
23514247,Starter,Comedy
47545060,Starter,Comedy
100170152,Starter,Action
4694491,Starter,Comedy
146028,,
119452,Starter,Drama
101117573,Starter,Action
12212417,Starter,Drama
76118990,Starter,Thriller/Suspense
100920329,Starter,Drama
8291572,Starter,Drama
355968,Starter,Drama
23978402,Starter,Comedy
75286229,Starter,Adventure
29331068,Starter,Comedy
23364784,Starter,Thriller/Suspense
44906632,Starter,Drama
109205660,Starter,Comedy
2899970,Starter,Drama
27838408,Starter,Action
3357324,Starter,Drama
39123589,Starter,Horror
1954202,Starter,Drama
13019253,Starter,Comedy
34657731,Starter,Horror
28436931,Starter,Comedy
5217498,Starter,Thriller/Suspense
15164492,Starter,Action
6566773,Starter,Action
54557348,Starter,Drama
7009668,Starter,Drama
37188667,Starter,Drama
54228104,Starter,Drama
38230075,Starter,Drama
0,Starter,Thriller/Suspense
10047674,Starter,Thriller/Suspense
39462438,Starter,Drama
16929123,Starter,Drama
18208078,Starter,Drama
36985501,Starter,Adventure
16703799,Starter,Adventure
93375151,Starter,Comedy
493296,Starter,Drama
7563397,Starter,Drama
325491,Starter,Drama
22433915,Starter,Drama
489220,,
60786269,Starter,Drama
58640119,Starter,Comedy
19294901,Starter,Horror
254293,Starter,Drama
124870275,Starter,Comedy
66661095,Starter,Drama
7426671,Starter,Comedy
13235267,Starter,Comedy
104148781,Starter,Comedy
22672813,Starter,Thriller/Suspense
50406346,Starter,Drama
25662155,Starter,Comedy
574838,Starter,Comedy
102543518,Starter,Action
14435076,Starter,Thriller/Suspense
70107728,Starter,Adventure
1270522,Starter,Drama
25473093,Starter,Thriller/Suspense
16980098,Starter,Romantic Comedy
48548426,Starter,Comedy
98711404,Starter,Comedy
58990765,Starter,Horror
30101577,Starter,Thriller/Suspense
0,Starter,Horror
30226144,Starter,Drama
116735231,Starter,Action
476270,,
73648228,Starter,Action
17843379,Starter,Comedy
11718595,Starter,Documentary
4157491,Starter,Musical
952620,Starter,Horror
80014842,Starter,Drama
23106,Starter,Drama
96793,Starter,Action
10686841,Starter,Romantic Comedy
126293452,Starter,Comedy
13508635,Starter,Drama
11203026,Starter,Action
32241649,Starter,Romantic Comedy
42739347,Starter,Comedy
64038616,Starter,Thriller/Suspense
915840,Starter,Adventure
244885070,Starter,Comedy
22400154,Starter,Comedy
65535067,Starter,Comedy
42885593,Starter,Thriller/Suspense
32539681,Starter,Horror
28644813,Starter,Drama
2165637,Starter,Drama
30063805,Starter,Drama
19875,Starter,Thriller/Suspense
11273517,Starter,Action
6276869,Starter,Comedy
134529403,Starter,Action
9628751,Starter,Adventure
10020081,Starter,Comedy
1200216,Starter,Action
14190901,Starter,Comedy
115646235,Starter,Thriller/Suspense
17507368,Starter,Thriller/Suspense
5990075,Starter,Drama
9237470,Starter,Drama
7680,,
13337299,Starter,Drama
63257940,Starter,Comedy
15064948,Starter,Black Comedy
15427192,Starter,Comedy
81897,,
11008770,Starter,Action
19367,Starter,Thriller/Suspense
137748063,Starter,Adventure
480314,Starter,Action
7578946,Starter,Adventure
30651422,Starter,Comedy
45207112,Starter,Thriller/Suspense
10169202,Starter,Action
41954997,Starter,Drama
28212337,Starter,Horror
33422556,Starter,Drama
19421271,Starter,Adventure
5501940,Starter,Drama
8823109,Starter,Thriller/Suspense
140464664,Starter,Adventure
133311000,Starter,Drama
33000377,Starter,Horror
36316032,Starter,Action
42100625,Starter,Horror
128067808,Starter,Drama
36020063,Starter,Action
112950721,Starter,Comedy
144156605,Starter,Comedy
22734486,Starter,Comedy
32862104,Starter,Comedy
239962,,
32616869,Starter,Action
22163442,Starter,Horror
6543194,Starter,Drama
33685268,Starter,Drama
103365956,Starter,Musical
4217115,Starter,Comedy
10571408,Starter,Comedy
56398162,Starter,Comedy
11546543,Starter,Action
638227,Starter,Drama
26024456,Starter,Thriller/Suspense
2255000,Starter,Concert/Performance
40363530,Starter,Comedy
99147,,
80209692,Starter,Thriller/Suspense
29823162,Starter,Action
8580428,Starter,Comedy
144583,Starter,Thriller/Suspense
8112414,Starter,Drama
9818792,Starter,Comedy
4734235,Starter,Drama
80270227,Starter,Comedy
870067,Starter,Adventure
26214846,Starter,Comedy
0,,
15185241,Starter,Adventure
9652000,Starter,Comedy
75802010,Starter,Comedy
61007424,Starter,Drama
217536138,Starter,Thriller/Suspense
10977721,Starter,Action
6044618,Starter,Drama
64172251,Starter,Comedy
20035310,Starter,Romantic Comedy
4017609,Starter,Drama
21056221,Starter,Comedy
133411,,
43313890,Starter,Drama
22508689,Starter,Comedy
12574914,Starter,Drama
4170647,Starter,Comedy
3602884,Starter,Black Comedy
101440743,Starter,Thriller/Suspense
36443442,Starter,Thriller/Suspense
5580479,Starter,Drama
14943582,Starter,Black Comedy
24409722,Starter,Action
173398518,Starter,Comedy
30082699,Starter,Drama
22913677,Starter,Comedy
56330657,Starter,Action
11634458,Starter,Comedy
14060950,Starter,Drama
17504595,Starter,Drama
77437223,Starter,Documentary
28444855,Starter,Comedy
89296573,Starter,Adventure
127706877,Starter,Romantic Comedy
10660147,Starter,Drama
66889043,Starter,Action
11748661,Starter,Drama
51396781,Starter,Drama
111549836,Starter,Action
87707396,Starter,Thriller/Suspense
39177215,Starter,Thriller/Suspense
13548322,Starter,Comedy
39739367,Starter,Comedy
75030163,Starter,Adventure
125548685,Starter,Drama
26850426,Starter,Drama
78146373,Starter,Drama
34366518,Starter,Comedy
70527,Starter,Comedy
49388,Starter,Drama
17718223,Starter,Comedy
14843425,Starter,Drama
26673242,Starter,Horror
65705772,Starter,Drama
50047179,Starter,Musical
38311134,Starter,Comedy
75078,,
51957,Starter,Action
51758599,Starter,Action
75072454,Starter,Thriller/Suspense
41814863,Starter,Horror
9793406,Starter,Drama
2840417,Starter,Thriller/Suspense
10823158,Starter,Comedy
4835968,Starter,Action
55691208,Starter,Drama
40283321,Starter,Horror
88715192,Starter,Romantic Comedy
37036404,Starter,Romantic Comedy
22455510,Starter,Musical
60062868,Starter,Comedy
113433,Starter,Comedy
9103630,Starter,Musical
15901849,Starter,Drama
16670,Starter,Thriller/Suspense
28681080,Starter,Comedy
10178331,Starter,Drama
112276146,Starter,Action
46896664,Starter,Horror
54098051,Starter,Horror
66477700,Starter,Horror
13208023,Starter,Horror
10680275,Starter,Comedy
56131,Starter,Horror
63570862,Starter,Action
6592103,Starter,Thriller/Suspense
68353550,Starter,Comedy
154696080,Starter,Action
16757163,Starter,Drama
127120058,Starter,Action
144512310,Starter,Action
70231041,Starter,Adventure
119114517,Starter,Documentary
14363397,Starter,Documentary
31598308,Starter,Thriller/Suspense
298110,Starter,Horror
37030102,Starter,Drama
32131830,Starter,Adventure
51768623,Starter,Drama
14249005,Starter,Comedy
8123860,Starter,Action
374675,,
824295,Starter,Drama
4922166,Starter,Musical
53302314,Starter,Horror
33602376,Starter,Drama
4485485,Starter,Drama
148089,Starter,Thriller/Suspense
21000147,Starter,Drama
21009180,Starter,Adventure
31567134,Starter,Drama
92993801,Starter,Comedy
64665672,Starter,Comedy
13090630,Starter,Drama
14543943,Starter,Adventure
1173673,Starter,Drama
75764085,Starter,Comedy
13368437,Starter,Comedy
339714978,Starter,Adventure
52850,Starter,Comedy
0,Starter,Comedy
5204007,Starter,Action
10144010,Starter,Drama
131921738,Starter,Action
0,Starter,Comedy
89706988,Starter,Thriller/Suspense
13110448,Starter,Thriller/Suspense
52075270,Starter,Action
36605602,Starter,Drama
57176582,Starter,Comedy
110222438,Starter,Comedy
44983704,Starter,Drama
25514517,Starter,Action
66711892,Starter,Thriller/Suspense
13121555,Starter,Horror
65002019,Starter,Horror
33253609,Starter,Comedy
25885000,Starter,Drama
61255921,Starter,Drama
2503902,Starter,Drama
104374107,Starter,Adventure
2512846,Starter,Comedy
33451479,Starter,Drama
6755271,Starter,Horror
18622031,Starter,Drama
1661464,Starter,Drama
196857,Starter,Drama
45950122,Starter,Comedy
110550000,Starter,Comedy
51855045,Starter,Comedy
223202,Starter,Drama
17630465,Starter,Comedy
42071069,Starter,Comedy
5549923,Starter,Comedy
48265581,Starter,Thriller/Suspense
77730500,Starter,Drama
75367693,Starter,Comedy
18882880,Starter,Drama
12532777,Starter,Drama
20300218,Starter,Drama
4063859,Starter,Comedy
37667746,Starter,Comedy
12882934,Starter,Drama
1308696,Starter,Drama
6451628,Starter,Drama
22441,Starter,Romantic Comedy
3517797,Starter,Drama
0,,
254683,Starter,Drama
119436770,Starter,Adventure
38432823,Starter,Drama
14018296,Starter,Comedy
30113491,Starter,Horror
13052741,Starter,Drama
17951431,Starter,Thriller/Suspense
115802596,Starter,Action
13252641,Starter,Romantic Comedy
12008642,Starter,Thriller/Suspense
6087542,Starter,Romantic Comedy
48169156,Starter,Drama
150201498,Starter,Action
28871190,Starter,Drama
187683805,Starter,Action
4273372,Starter,Musical
4167493,Starter,Drama
35017297,Starter,Romantic Comedy
8434601,Starter,Action
136801374,Starter,Drama
375474,Starter,Drama
240425,Starter,Drama
31501218,Starter,Drama
102705852,Starter,Drama
1638202,Starter,Comedy
16875273,Starter,Black Comedy
4283255,Starter,Drama
10037390,Starter,Action
14334645,Starter,Thriller/Suspense
136314294,Starter,Action
277233,,
101643008,,
27276,Starter,Drama
138433435,Starter,Drama
41300105,Starter,Comedy
5108820,Starter,Drama
90648202,Starter,Comedy
11634362,Starter,Drama
71423726,Starter,Comedy
12178602,Starter,Comedy
2956339,Starter,Drama
10166502,Starter,Action
115879,Starter,Comedy
33579798,Starter,Drama
26782316,Starter,Drama
305260,Starter,Musical
35053660,Starter,Drama
105263257,Starter,Comedy
37899638,Starter,Adventure
14589444,Starter,Romantic Comedy
260044825,Starter,Comedy
25031037,Starter,Horror
30981850,Starter,Drama
56068547,Starter,Adventure
1115313,Starter,Comedy
28084357,Starter,Black Comedy
39143839,Starter,Horror
110359362,Starter,Horror
161094625,Starter,Comedy
3330230,Starter,Drama
68915888,Starter,Comedy
14967182,Starter,Drama
11560259,Starter,Romantic Comedy
1569918,Starter,Drama
3051221,Starter,Comedy
15543862,Starter,Romantic Comedy
6217849,Starter,Comedy
33392973,Starter,Horror
118823091,Starter,Musical
17394881,Starter,Comedy
4501094,Starter,Drama
1577287,Starter,Drama
0,,
227946274,Starter,Action
15849032,Starter,Comedy
64506874,Starter,Thriller/Suspense
2039192,Starter,Comedy
1024640,Starter,Horror
3337931,Starter,Drama
56653,Starter,Drama
1818681,Starter,Thriller/Suspense
48237389,Starter,Comedy
17044981,Starter,Horror
12634962,Starter,Horror
10199354,Starter,Horror
67286731,Starter,Western
51100486,Starter,Thriller/Suspense
51386611,Starter,Comedy
0,Starter,Romantic Comedy
37788228,Starter,Comedy
3067312,Starter,Musical
18098433,Starter,Adventure
21567853,Starter,Drama
23483357,Starter,Action
75986503,Starter,Action
59623958,Starter,Action
37485528,Starter,Comedy
1029017,Starter,Drama
53652140,Starter,Action
10494147,Starter,Drama
11050094,Starter,Action
10397365,Starter,Romantic Comedy
91188905,Starter,Horror
41543207,Starter,Thriller/Suspense
27277055,Starter,Comedy
12801190,Starter,Action
226792,,
90556401,Starter,Musical
2730296,Starter,Comedy
31493782,Starter,Drama
177784257,Starter,Romantic Comedy
39687694,Starter,Action
38108728,Starter,Comedy
18225165,Starter,Comedy
4714090,Starter,Comedy
20804166,Starter,Horror
41778863,Starter,Horror
2775593,Starter,Comedy
15567860,Starter,Action
55041738,Starter,Horror
30259652,Starter,Horror
12069719,Starter,Comedy
31841299,Starter,Drama
4886216,Starter,Comedy
65281781,Starter,Concert/Performance
50026353,Starter,Comedy
27669725,Starter,Thriller/Suspense
277322503,Starter,Comedy
36037909,Starter,Comedy
7164995,Starter,Drama
67383924,Starter,Drama
63280000,Starter,Romantic Comedy
73209340,Starter,Horror
304124,Starter,Drama
10513979,Starter,Black Comedy
30272254,Starter,Drama
12834849,Starter,Comedy
8117637,Starter,Comedy
60110313,Starter,Drama
154529439,Starter,Adventure
17544812,Starter,Horror
34636443,Starter,Action
47326473,Starter,Horror
13938332,Starter,Comedy
41675994,Starter,Drama
15652637,Starter,Drama
132675402,Starter,Comedy
32064800,Starter,Horror
14108518,Starter,Drama
31155435,Starter,Comedy
14010363,Starter,Comedy
261987880,Starter,Adventure
249538952,Starter,Adventure
290013036,Starter,Adventure
292004738,Starter,Adventure
301959197,Starter,Adventure
317557891,Starter,Adventure
198000317,Starter,Adventure
99112101,Starter,Adventure
40222729,Starter,Drama
19870567,Starter,Action
75383563,Starter,Drama
196067,,
539285,Starter,Drama
11965282,Starter,Horror
19076815,Starter,Drama
51019112,Starter,Comedy
3681066,Starter,Horror
23618786,Starter,Comedy
104257,,
217581231,Starter,Comedy
12784713,Starter,Comedy
132177234,Starter,Action
134806913,Starter,Adventure
100138851,Starter,Adventure
34234008,Starter,Action
334041,Starter,Drama
14700000,Starter,Drama
22202809,Starter,Drama
88200225,Starter,Comedy
4839383,Starter,Romantic Comedy
30207785,Starter,Action
8735529,Starter,Romantic Comedy
195330621,Starter,Adventure
196573705,Starter,Adventure
176387405,Starter,Adventure
24381334,Starter,Comedy
8038061,Starter,Drama
0,,
52131264,Starter,Thriller/Suspense
18542974,Starter,Comedy
12669914,Starter,Musical
4777465,Starter,Comedy
19528188,Starter,Comedy
10317779,Starter,Comedy
4023741,Starter,Horror
228524,Starter,Drama
40020622,Starter,Horror
72250091,Starter,Horror
14800725,Starter,Comedy
39868642,Starter,Drama
2205627,Starter,Comedy
7689458,Starter,Adventure
672243,Starter,Romantic Comedy
16123323,Starter,Comedy
6114237,Starter,Thriller/Suspense
285630280,Starter,Thriller/Suspense
4717455,Starter,Thriller/Suspense
14026509,Starter,Drama
320700,Starter,Drama
317023851,Starter,Adventure
12017369,Starter,Horror
1151330,Starter,Drama
33316821,Starter,Thriller/Suspense
315000,Starter,Thriller/Suspense
17303424,Starter,Adventure
63826569,Starter,Comedy
119725280,Starter,Comedy
88634237,Starter,Thriller/Suspense
28965197,Starter,Drama
67263182,Starter,Thriller/Suspense
97387965,Starter,Comedy
34105207,Starter,Drama
18451251,Starter,Comedy
15074191,Starter,Thriller/Suspense
221096,Starter,Comedy
144801023,Starter,Action
312128345,Starter,Adventure
318604126,Starter,Action
23159305,Starter,Adventure
617228,Starter,Black Comedy
35818913,Starter,Action
2954405,Starter,Comedy
33561137,Starter,Action
106126012,Starter,Adventure
12559771,Starter,Romantic Comedy
34645374,Starter,Comedy
39673162,Starter,Drama
54956941,Starter,Thriller/Suspense
6301131,Starter,Thriller/Suspense
4956401,Starter,Drama
62647540,Starter,Drama
3076820,Starter,Black Comedy
126930660,Starter,Action
160942139,Starter,Action
167365000,Starter,Action
169368427,Starter,Action
16204793,Starter,Thriller/Suspense
72778712,Starter,Comedy
64282312,Starter,Comedy
101704370,Starter,Adventure
27087695,Starter,Comedy
7496522,Starter,Comedy
37904175,Starter,Horror
28013509,Starter,Comedy
35623801,Starter,Horror
3909149,Starter,Western
31203964,Starter,Comedy
25266129,Starter,Comedy
703,,
399879,Starter,Drama
44452,Starter,Drama
48318130,Starter,Romantic Comedy
17326650,Starter,Romantic Comedy
14271297,Starter,Drama
47901582,Starter,Adventure
22770864,Starter,Comedy
10547117,Starter,Action
71026631,Starter,Drama
25571351,Starter,Adventure
1475746,,
14252830,Starter,Comedy
21973182,Starter,Thriller/Suspense
153952592,Starter,Romantic Comedy
30059386,Starter,Comedy
1282084,Starter,Drama
7739049,Starter,Drama
94125426,Starter,Comedy
80172128,Starter,Adventure
2678010,Starter,Drama
143495265,Starter,Comedy
181166115,Starter,Action
39852,,
56127162,Starter,Romantic Comedy
13571817,Starter,Comedy
82622655,Starter,Horror
35168966,Starter,Action
47095453,Starter,Romantic Comedy
4109095,Starter,Drama
66723216,Starter,Comedy
48071303,Starter,Action
38168022,Starter,Concert/Performance
36833473,Starter,Action
17104669,Starter,Action
176591618,Starter,Adventure
15000000,Starter,Comedy
52842724,Starter,Comedy
66207920,Starter,Action
70098138,Starter,Action
23247539,Starter,Comedy
47398413,Starter,Adventure
10214647,Starter,Drama
7025722,Starter,Romantic Comedy
60527873,Starter,Thriller/Suspense
218080025,Starter,Adventure
148761765,Starter,Romantic Comedy
76373029,Starter,Action
47467250,Starter,Action
33422806,Starter,Comedy
11660180,Starter,Drama
79957634,Starter,Thriller/Suspense
10319915,Starter,Action
50315140,Starter,Drama
73701902,Starter,Comedy
4008527,Starter,Comedy
4235837,Starter,Comedy
56083966,Starter,Adventure
15800078,Starter,Drama
5686694,Starter,Drama
16033556,Starter,Comedy
64604977,Starter,Drama
73357727,Starter,Thriller/Suspense
74541707,Starter,Action
39692139,Starter,Comedy
42285169,Starter,Drama
52330111,Starter,Drama
39263506,Starter,Thriller/Suspense
13592872,Starter,Comedy
49438370,Starter,Comedy
66790248,Starter,Thriller/Suspense
5956480,Starter,Comedy
3895664,Starter,Comedy
17848322,Starter,Romantic Comedy
20422207,Starter,Romantic Comedy
2339957,Starter,Thriller/Suspense
15680099,Starter,Comedy
5463019,Starter,Drama
91038276,Starter,Drama
20700082,Starter,Horror
4221341,Starter,Drama
40122938,Starter,Thriller/Suspense
256393010,Starter,Horror
31373938,Starter,Romantic Comedy
303439,Starter,Drama
13756082,Starter,Drama
14448589,Starter,Romantic Comedy
38399961,Starter,Comedy
50699241,Starter,Drama
181410615,Starter,Comedy
1190018,Starter,Action
12189514,Starter,Romantic Comedy
4835065,Starter,Drama
1138836,Starter,Drama
24006726,Starter,Comedy
19694635,Starter,Thriller/Suspense
64062587,Starter,Comedy
51432423,Starter,Comedy
145771527,Starter,Adventure
2016687,Starter,Drama
5871603,Starter,Drama
12905901,Starter,Drama
42734455,Starter,Comedy
53032453,Starter,Drama
54606,,
17606684,Starter,Drama
1147784,Starter,Drama
211724,Starter,Drama
59891098,Starter,Comedy
11052958,Starter,Comedy
14998070,Starter,Drama
12667,Starter,Drama
105807520,Starter,Romantic Comedy
15464026,Starter,Romantic Comedy
23591432,Starter,Action
2484186,Starter,Drama
69117629,Starter,Adventure
6552255,Starter,Romantic Comedy
23602581,Starter,Comedy
27441122,Starter,Drama
12554569,Starter,Drama
8322608,Starter,Romantic Comedy
4210379,Starter,Drama
341784377,Starter,Adventure
377027325,Starter,Adventure
314776170,Starter,Adventure
24149632,Starter,Action
3897569,Starter,Black Comedy
463730,Starter,Comedy
154187,Starter,Comedy
5932060,Starter,Action
111110575,Starter,Action
388390,Starter,Drama
62950384,Starter,Drama
2793776,Starter,Comedy
44585453,Starter,Drama
2326407,Starter,Drama
16779636,Starter,Thriller/Suspense
6616974,Starter,Drama
229086679,Starter,Action
43799818,Starter,Romantic Comedy
20950820,Starter,Comedy
2848587,Starter,Drama
130444603,Starter,Action
58636047,Starter,Comedy
266967,Starter,Drama
5755286,Starter,Drama
428535,Starter,Comedy
4604982,Starter,Drama
5781086,Starter,Drama
59472278,Starter,Romantic Comedy
13555988,Starter,Comedy
44028238,Starter,Drama
66010682,Starter,Comedy
35188640,Starter,Drama
20987,Starter,Black Comedy
22965110,Starter,Drama
4777007,Starter,Comedy
11284657,Starter,Drama
134904,Starter,Drama
10299782,Starter,Drama
291710957,Starter,Adventure
158119460,Starter,Comedy
10561038,Starter,Drama
5308707,Starter,Comedy
180010950,Starter,Comedy
193595521,Starter,Adventure
8117961,Starter,Documentary
517262,Starter,Drama
19843795,Starter,Comedy
146336178,Starter,Comedy
26500000,Starter,Action
77906816,Starter,Thriller/Suspense
19699706,Starter,Comedy
34580635,Starter,Drama
13801755,Starter,Comedy
1646664,Starter,Comedy
1506998,Starter,Drama
18844784,Starter,Action
17018422,Starter,Comedy
12578537,Starter,Thriller/Suspense
171479930,Starter,Action
17292381,Starter,Comedy
145540,,
1531154,Starter,Documentary
23213577,Starter,Comedy
241438208,Starter,Romantic Comedy
19219250,Starter,Comedy
5409517,Starter,Comedy
41975388,Starter,Comedy
51545952,Starter,Horror
669625,Starter,Action
4408420,Starter,Comedy
7500310,Starter,Drama
65948711,Starter,Thriller/Suspense
33864342,Starter,Comedy
49033882,Starter,Drama
93926386,Starter,Adventure
27776620,Starter,Adventure
47279279,Starter,Comedy
603951,Starter,Drama
22108977,Starter,Comedy
11803254,Starter,Comedy
100492203,Starter,Drama
90508336,Starter,Comedy
46012734,Starter,Romantic Comedy
86047227,Starter,Comedy
92723,,
4356126,Starter,Comedy
90570999,Starter,Romantic Comedy
57010853,Starter,Drama
250690539,Starter,Adventure
48814909,Starter,Drama
25544867,Starter,Drama
32983332,Starter,Thriller/Suspense
173599,Starter,Drama
1054361,Starter,Drama
52880016,Starter,Drama
44650003,Starter,Drama
6529624,Starter,Drama
6047691,Starter,Action
22450975,Starter,Drama
32428195,Starter,Black Comedy
349132,Starter,Musical
190418803,Starter,Action
1237269,,
3041803,Starter,Drama
48478006,Starter,Comedy
215409889,Starter,Action
133501348,Starter,Action
106807667,Starter,Comedy
26900336,Starter,Western
50632037,Starter,Adventure
27796042,Starter,Drama
19184820,Starter,Concert/Performance
34308901,Starter,Comedy
43894863,Starter,Romantic Comedy
432360,,
60874615,Starter,Adventure
864959,Starter,Drama
4559569,Starter,Comedy
4476235,Starter,Thriller/Suspense
25528495,Starter,Drama
74205,Starter,Drama
25078937,Starter,Drama
56968169,Starter,Adventure
82931301,Starter,Comedy
6830957,Starter,Drama
63803100,Starter,Drama
31273922,Starter,Drama
635733,Starter,Comedy
17396,,
73661010,Starter,Adventure
2374107,Starter,Adventure
13876974,Starter,Comedy
34469210,Starter,Drama
255870172,Starter,Adventure
146402,,
41076865,Starter,Action
5010163,Starter,Thriller/Suspense
14469428,Starter,Comedy
267194,,
35228696,Starter,Thriller/Suspense
57386369,Starter,Musical
1190003,Starter,Drama
279167575,Starter,Comedy
166225040,Starter,Comedy
21800302,Starter,Comedy
64378093,Starter,Drama
132024714,Starter,Action
20999103,Starter,Adventure
12716953,Starter,Action
11036366,Starter,Comedy
35927406,Starter,Action
12803305,Starter,Drama
7916887,Starter,Drama
61894591,Starter,Comedy
533344,Starter,Drama
3005605,Starter,Drama
17896,,
38233676,Starter,Comedy
8891623,Starter,Comedy
23089926,Starter,Thriller/Suspense
1105266,,
9176787,Starter,Drama
673414,Starter,Adventure
281553689,Starter,Action
139259759,Starter,Action
62544,Starter,Drama
120620254,Starter,Adventure
7219578,Starter,Drama
155385488,Starter,Adventure
202007640,Starter,Adventure
102491776,Starter,Adventure
47379090,Starter,Drama
16304786,Starter,Comedy
31874869,Starter,Thriller/Suspense
11614954,Starter,Comedy
250863268,Starter,Comedy
27053815,Starter,Adventure
50572589,Starter,Romantic Comedy
3765585,Starter,Drama
63478838,Starter,Action
198351526,Starter,Adventure
17583468,Starter,Comedy
66808615,Starter,Action
126813153,Starter,Comedy
46729374,Starter,Comedy
34099640,Starter,Drama
181041,Starter,Documentary
3885134,Starter,Drama
36850101,Starter,Comedy
22331846,Starter,Comedy
49200230,Starter,Drama
1000915,Starter,Drama
29762011,Starter,Comedy
90135191,Starter,Drama
80197993,Starter,Comedy
10465659,Starter,Thriller/Suspense
141621490,Starter,Adventure
173005002,Starter,Adventure
37629831,Starter,Drama
24850922,Starter,Action
18782227,Starter,Adventure
0,,
74273505,Starter,Action
261441092,Starter,Adventure
44705766,Starter,Action
63075011,Starter,Horror
10572742,Starter,Drama
28972187,Starter,Comedy
10341093,Starter,Drama
14983572,Starter,Drama
1420578,Starter,Drama
45489752,Starter,Comedy
116089678,Starter,Romantic Comedy
39442871,Starter,Comedy
1562800,Starter,Drama
48006762,Starter,Adventure
38122883,Starter,Action
18653746,Starter,Thriller/Suspense
186830,Starter,Drama
10014234,Starter,Comedy
177243721,Starter,Comedy
31487293,Starter,Drama
36842118,Starter,Drama
1433319,Starter,Documentary
79123,Starter,Drama
1067481,Starter,Drama
43107979,Starter,Romantic Comedy
81001787,Starter,Drama
191862,Starter,Drama
2025238,Starter,Comedy
6173485,Starter,Drama
44540956,Starter,Comedy
18324242,Starter,Drama
13610521,Starter,Drama
691880,Starter,Documentary
35327628,Starter,Romantic Comedy
72708161,Starter,Thriller/Suspense
7836393,Starter,Drama
25450527,Starter,Thriller/Suspense
35193167,Starter,Thriller/Suspense
25170054,Starter,Black Comedy
80936232,Starter,Adventure
123307945,Starter,Comedy
307631,Starter,Romantic Comedy
51676606,Starter,Drama
18354356,Starter,Drama
12712093,Starter,Adventure
1502188,Starter,Action
14018364,Starter,Comedy
29145924,Starter,Romantic Comedy
41059716,Starter,Comedy
183417150,Starter,Comedy
125531634,Starter,Adventure
117144465,Starter,Adventure
19422319,Starter,Documentary
10827813,Starter,Black Comedy
16357770,Starter,Drama
54607383,Starter,Horror
75530832,Starter,Drama
9445857,Starter,Drama
144601,Starter,Documentary
31597131,Starter,Drama
23337196,Starter,Drama
102458,Starter,Action
4356743,Starter,Romantic Comedy
13395961,Starter,Drama
14443,Starter,Drama
85105259,Starter,Adventure
30500882,Starter,Thriller/Suspense
58328680,Starter,Western
7659747,Starter,Thriller/Suspense
582024,Starter,Comedy
16521410,Starter,Thriller/Suspense
1127331,Starter,Drama
1612957,Starter,Drama
75155000,Starter,Comedy
13596911,Starter,Comedy
13264986,Starter,Western
2070920,Starter,Drama
13906394,Starter,Comedy
166003,Starter,Adventure
37562568,Starter,Drama
41083108,Starter,Thriller/Suspense
28544120,Starter,Comedy
1011054,Starter,Drama
113006880,Starter,Comedy
37634615,Starter,Horror
370782930,Starter,Drama
135041968,Starter,Comedy
81526121,Starter,Action
53789313,Starter,Thriller/Suspense
40687294,Starter,Action
95149435,Starter,Romantic Comedy
108244774,Starter,Comedy
41263140,Starter,Action
48417850,Starter,Adventure
121972,,
828,,
15515460,Starter,Thriller/Suspense
7061128,Starter,Romantic Comedy
563711,Starter,Drama
51225796,Starter,Musical
46566212,Starter,Thriller/Suspense
32519322,Starter,Drama
82226474,Starter,Comedy
305411224,Starter,Adventure
423315812,Starter,Adventure
309420425,Starter,Adventure
57712751,Starter,Adventure
39235088,Starter,Horror
8427204,Starter,Comedy
6982680,Starter,Comedy
88761720,Starter,Adventure
4857374,Starter,Drama
883454,Starter,Drama
31770413,Starter,Thriller/Suspense
37490007,Starter,Romantic Comedy
19719930,Starter,Drama
32598931,Starter,Action
8596914,Starter,Drama
180011740,Starter,Adventure
4028339,,
42194060,Starter,Adventure
4411102,Starter,Comedy
23047939,Starter,Drama
107918810,Starter,Horror
87341380,Starter,Comedy
3681811,Starter,Adventure
0,,
10330853,Starter,Horror
33664370,Starter,Action
43746923,Starter,Adventure
17052128,Starter,Adventure
181320597,Starter,Adventure
88073507,Starter,Romantic Comedy
15090399,Starter,Adventure
3293258,Starter,Comedy
60674817,Starter,Adventure
10103647,Starter,Drama
48430258,Starter,Adventure
46850558,Starter,Comedy
124740460,Starter,Comedy
8017467,Starter,Comedy
15712072,Starter,Thriller/Suspense
39017984,Starter,Comedy
47566524,Starter,Drama
15740721,Starter,Drama
38372662,Starter,Drama
104054514,Starter,Drama
51920690,Starter,Action
590817,Starter,Drama
2223293,Starter,Drama
28165882,Starter,Romantic Comedy
16535005,Starter,Romantic Comedy
162586036,Starter,Drama
424760,Starter,Drama
198539855,Starter,Action
47852604,Starter,Thriller/Suspense
101413188,Starter,Adventure
19398532,Starter,Musical
43869350,Starter,Horror
7535331,Starter,Drama
95308367,Starter,Thriller/Suspense
163958031,Starter,Romantic Comedy
90755643,Starter,Action
53089891,Starter,Thriller/Suspense
0,,
17650704,Starter,Action
267972,Starter,Comedy
21541218,Starter,Horror
113330342,Starter,Drama
97104620,Starter,Drama
11411644,Starter,Adventure
20264436,Starter,Horror
17791031,Starter,Comedy
8050977,Starter,Action
31811527,Starter,Thriller/Suspense
8408835,Starter,Comedy
8060487,Starter,Drama
33508922,Starter,Drama
30307804,Starter,Horror
12987647,Starter,Drama
22723,Starter,Comedy
31691811,Starter,Horror
56441711,Starter,Drama
22772500,Starter,Adventure
381420,Starter,Drama
1692693,Starter,Drama
6199600,Starter,Drama
52333738,Starter,Drama
45916769,Starter,Drama
42754105,Starter,Action
31054924,Starter,Drama
76501438,Starter,Adventure
39402572,Starter,Adventure
206445654,Starter,Comedy
75305995,Starter,Drama
2405420,Starter,Action
18990542,Starter,Action
105269730,Starter,Action
128200012,Starter,Adventure
20097,,
152257509,Starter,Romantic Comedy
49772522,Starter,Comedy
70269899,Starter,Drama
50802661,Starter,Adventure
2276368,Starter,Documentary
92955420,Starter,Thriller/Suspense
34192652,Starter,Drama
25126214,Starter,Horror
16809014,Starter,Comedy
36696761,Starter,Comedy
65388,Starter,Drama
57891803,Starter,Thriller/Suspense
19661987,Starter,Drama
33956608,Starter,Horror
13011160,Starter,Documentary
19068240,Starter,Drama
223878,Starter,Comedy
29077547,Starter,Musical
44737059,Starter,Comedy
19035741,Starter,Action
50740078,Starter,Horror
50648679,Starter,Action
46368993,Starter,Horror
40119709,Starter,Horror
32662299,Starter,Romantic Comedy
22911480,Starter,Drama
11175164,Starter,Comedy
43061982,Starter,Action
23360779,Starter,Action
12796277,Starter,Drama
100494685,Starter,Adventure
29781453,Starter,Drama
630779,Starter,Western
75941727,Starter,Horror
3278611,Starter,Documentary
26000610,Starter,Comedy
549666,Starter,Drama
5853194,Starter,Comedy
1785505,Starter,Comedy
551002,Starter,Comedy
20342161,Starter,Comedy
22921898,Starter,Drama
9736045,Starter,Thriller/Suspense
6409528,Starter,Comedy
16991902,Starter,Drama
75600072,Starter,Drama
17380866,Starter,Comedy
55973336,Starter,Action
41610884,Starter,Action
712294,Starter,Drama
17480890,Starter,Action
3635482,Starter,Drama
56607223,Starter,Comedy
5490423,Starter,Action
3816594,Starter,Documentary
0,,
115654751,Starter,Drama
40081410,Starter,Thriller/Suspense
68525609,Starter,Comedy
17432844,Starter,Horror
61322858,Starter,Thriller/Suspense
47641743,Starter,Action
6855137,Starter,Action
6775659,Starter,Comedy
226164286,Starter,Action
140125968,Starter,Action
141186864,Starter,Action
17105219,Starter,Black Comedy
71724497,Starter,Comedy
2062406,Starter,Horror
10411980,Starter,Drama
23519128,Starter,Drama
68671925,Starter,Adventure
61363304,Starter,Action
139084,Starter,Comedy
40270895,Starter,Drama
676698,Starter,Thriller/Suspense
95347692,Starter,Comedy
8886160,Starter,Comedy
19351569,Starter,Comedy
55185045,Starter,Horror
87025093,Starter,Horror
80238724,Starter,Horror
63300095,Starter,Horror
56746769,Starter,Horror
27693292,Starter,Horror
5516708,Starter,Comedy
5361,Starter,Comedy
39177684,Starter,Adventure
120277854,Starter,Drama
5501616,Starter,Thriller/Suspense
71277420,Starter,Comedy
110000082,Starter,Comedy
90710620,Starter,Comedy
84185387,Starter,Comedy
153294164,Starter,Comedy
65005217,Starter,Drama
81261177,Starter,Comedy
17807569,Starter,Comedy
10525717,Starter,Romantic Comedy
71069884,Starter,Thriller/Suspense
103046663,Starter,Horror
101363301,Starter,Horror
89138076,Starter,Horror
90580000,Starter,Action
101740,Starter,Horror
38634938,Starter,Adventure
2086345,Starter,Drama
35450113,Starter,Drama
36280697,Starter,Thriller/Suspense
901857,Starter,Western
40066497,Starter,Drama
16930185,Starter,Romantic Comedy
378176,,
37945884,Starter,Drama
152647258,Starter,Comedy
69772969,Starter,Action
124685242,Starter,Romantic Comedy
178095,Starter,Comedy
22183,,
8279017,Starter,Drama
70327868,Starter,Action
61123569,Starter,Comedy
157019771,Starter,Comedy
13542874,Starter,Comedy
1985292,Starter,Comedy
63465522,Starter,Romantic Comedy
33889159,Starter,Romantic Comedy
199176,Starter,Drama
70836296,Starter,Romantic Comedy
46982632,Starter,Horror
128012934,Starter,Thriller/Suspense
100317794,Starter,Romantic Comedy
1134358,Starter,Documentary
209028679,Starter,Adventure
31628317,Starter,Romantic Comedy
47003582,Starter,Thriller/Suspense
267655011,Starter,Adventure
441226247,Starter,Adventure
322719944,Starter,Adventure
238395990,Starter,Adventure
160861908,Starter,Adventure
2207975,Starter,Drama
13973532,Starter,Comedy
37948765,Starter,Comedy
24538513,Starter,Documentary
40934175,Starter,Action
227965690,Starter,Thriller/Suspense
18253415,Starter,Drama
8165213,Starter,Comedy
183135014,Starter,Comedy
26483452,Starter,Adventure
74103820,Starter,Action
336456,Starter,Comedy
293506292,Starter,Thriller/Suspense
11529368,Starter,Documentary
47907715,Starter,Horror
35007180,Starter,Thriller/Suspense
63939454,Starter,Adventure
4814244,Starter,Comedy
12372410,Starter,Comedy
14623082,Starter,Action
101068340,Starter,Horror
22495466,Starter,Thriller/Suspense
37766350,Starter,Drama
165092266,Starter,Horror
275380,Starter,Musical
1237615,Starter,Thriller/Suspense
9408183,Starter,Comedy
49981,Starter,Drama
7802450,Starter,Horror
141319928,Starter,Drama
5502773,Starter,Comedy
55143823,Starter,Comedy
186336279,Starter,Action
35662731,Starter,Comedy
27338033,Starter,Romantic Comedy
8355815,Starter,Black Comedy
4398989,Starter,Romantic Comedy
19693891,Starter,Comedy
176484651,Starter,Romantic Comedy
55591409,Starter,Thriller/Suspense
34020814,Starter,Thriller/Suspense
118627117,Starter,Comedy
13005485,Starter,Drama
1900451,Starter,Action
15032800,Starter,Horror
11405825,Starter,Drama
60470220,Starter,Adventure
56932305,Starter,Western
81150692,Starter,Comedy
14378353,Starter,Drama
3688560,Starter,Thriller/Suspense
30093107,Starter,Black Comedy
60008303,Starter,Comedy
10198766,Starter,Comedy
14970038,Starter,Drama
4354546,Starter,Drama
31720158,Starter,Drama
3050934,Starter,Drama
17639,,
228830,Starter,Documentary
62492818,Starter,Adventure
43492389,Starter,Comedy
13922211,Starter,Comedy
52037603,Starter,Comedy
90463534,Starter,Comedy
42044321,Starter,Comedy
54979992,Starter,Action
121463226,Starter,Comedy
85416609,Starter,Adventure
30105968,Starter,Adventure
90454043,Starter,Adventure
1641788,Starter,Drama
43945766,Starter,Action
71195053,Starter,Adventure
17127,,
48097081,Starter,Action
37068294,Starter,Horror
29342592,Starter,Comedy
373524485,Starter,Adventure
336530303,Starter,Adventure
403706375,Starter,Adventure
31167395,Starter,Comedy
33357476,Starter,Comedy
200120000,Starter,Adventure
14218868,Starter,Action
10049886,Starter,Adventure
410241,,
62362560,Starter,Action
85846296,Starter,Adventure
111760631,Starter,Adventure
112692062,Starter,Adventure
406216,Starter,Thriller/Suspense
7372734,Starter,Drama
50255310,Starter,Romantic Comedy
795126,Starter,Comedy
488872,Starter,Comedy
30628981,Starter,Comedy
3100650,Starter,Horror
73215310,Starter,Adventure
310676740,Starter,Adventure
380270577,Starter,Adventure
54768952,Starter,Action
5801558,Starter,Drama
23086480,Starter,Horror
17266359,Starter,Comedy
1686429,Starter,Action
37672944,Starter,Drama
59475623,Starter,Comedy
91137662,Starter,Drama
61356221,Starter,Drama
40435190,Starter,Comedy
454255,,
26910736,Starter,Comedy
50041732,Starter,Horror
21133087,Starter,Thriller/Suspense
26415649,Starter,Thriller/Suspense
140015224,Starter,Comedy
64956806,Starter,Comedy
32116746,Starter,Action
468867,Starter,Action
765637,Starter,Thriller/Suspense
119841,,
10915744,Starter,Drama
182618434,Starter,Drama
27100030,Starter,Romantic Comedy
29062561,Starter,Thriller/Suspense
37017955,Starter,Thriller/Suspense
44089964,Starter,Adventure
39053061,Starter,Drama
65328121,Starter,Drama
6197866,Starter,Drama
92027888,Starter,Adventure
70187658,Starter,Adventure
43254409,Starter,Adventure
659210,Starter,Action
52597610,Starter,Thriller/Suspense
18492362,Starter,Comedy
2072645,Starter,Comedy
431088297,Starter,Adventure
33832741,Starter,Comedy
58017783,Starter,Drama
118471320,Starter,Action
3064356,Starter,Drama
3102550,Starter,Action
58867694,Starter,Adventure
38577772,Starter,Action
19288130,Starter,Drama
434417,Starter,Drama
216335085,Starter,Drama
116877597,Starter,Action
71502303,Starter,Drama
57887882,Starter,Romantic Comedy
47958031,Starter,Thriller/Suspense
598645,Starter,Romantic Comedy
10130108,Starter,Thriller/Suspense
2402459,Starter,Comedy
28563926,Starter,Drama
25288103,Starter,Drama
11892415,Starter,Comedy
6504442,Starter,Action
35161554,Starter,Adventure
24430272,Starter,Romantic Comedy
74339294,Starter,Romantic Comedy
8402485,Starter,Comedy
6946056,Starter,Drama
211667,Starter,Thriller/Suspense
3081925,Starter,Drama
50824620,Starter,Thriller/Suspense
8712564,Starter,Thriller/Suspense
2891288,Starter,Comedy
13491653,Starter,Thriller/Suspense
145000989,Starter,Thriller/Suspense
34742066,Starter,Drama
148213377,Starter,Comedy
81292135,Starter,Drama
592014,Starter,Documentary
9871,Starter,Comedy
6768055,Starter,Adventure
34102780,Starter,Romantic Comedy
26421314,Starter,Horror
15007991,Starter,Horror
49121934,Starter,Drama
31111260,Starter,Action
69304264,Starter,Drama
449865,Starter,Drama
50877145,Starter,Adventure
32774834,Starter,Comedy
14395874,Starter,Drama
43632458,Starter,Action
185577,Starter,Comedy
37882551,Starter,Comedy
347578,Starter,Comedy
82234139,Starter,Drama
150358296,Starter,Action
125322469,Starter,Action
319246193,Starter,Action
402111870,Starter,Action
15122676,Starter,Comedy
15331289,Starter,Drama
15541549,Starter,Thriller/Suspense
128486,Starter,Action
39778599,Starter,Drama
15051977,Starter,Thriller/Suspense
40108697,Starter,Adventure
7006708,Starter,Drama
12840842,Starter,Horror
31418697,Starter,Thriller/Suspense
29511112,Starter,Horror
36400491,Starter,Drama
34566746,Starter,Drama
69688384,Starter,Comedy
8330720,Starter,Comedy
40846082,Starter,Horror
43905746,Starter,Action
2201923,Starter,Action
1008849,Starter,Thriller/Suspense
10570375,Starter,Romantic Comedy
11810854,Starter,Thriller/Suspense
32698899,Starter,Action
50586000,Starter,Action
4554533,Starter,Adventure
19480739,Starter,Adventure
0,Starter,Adventure
4601043,Starter,Drama
22751979,Starter,Adventure
600788188,Starter,Thriller/Suspense
20553799,Starter,Comedy
66465204,Starter,Adventure
56684819,Starter,Adventure
13558739,Starter,Comedy
25593755,Starter,Horror
54149098,Starter,Action
125304276,Starter,Action
52353636,Starter,Black Comedy
65653758,Starter,Adventure
131144183,Starter,Adventure
186740799,Starter,Adventure
6201757,Starter,Musical
21176322,Starter,Action
96522687,Starter,Horror
30980607,Starter,Drama
245852179,Starter,Adventure
410640665,Starter,Adventure
65452312,Starter,Action
38120554,Starter,Adventure
124107476,Starter,Drama
15911332,Starter,Adventure
76261036,Starter,Drama
23530831,Starter,Thriller/Suspense
6916869,Starter,Thriller/Suspense
129094024,Starter,Horror
9017070,Starter,Comedy
257730019,Starter,Adventure
77073959,Starter,Drama
9015303,Starter,Drama
43095856,Starter,Action
25296447,Starter,Action
8114270,Starter,Drama
110461307,Starter,Comedy
133298577,Starter,Action
141930000,Starter,Action
872643,Starter,Comedy
125618201,Starter,Drama
1530535,Starter,Comedy
872142,Starter,Drama
171091819,Starter,Adventure
6374789,Starter,Drama
2912606,Starter,Drama
6491969,Starter,Comedy
63414846,Starter,Drama
0,,
19161999,Starter,Drama
1328679,Starter,Comedy
11532774,Starter,Thriller/Suspense
7027762,Starter,Thriller/Suspense
10097096,Starter,Comedy
2057193,Starter,Drama
37384046,Starter,Adventure
15055091,Starter,Drama
25195050,Starter,Thriller/Suspense
296623634,Starter,Drama
300155447,Starter,Drama
192769854,Starter,Drama
6712451,Starter,Romantic Comedy
6852450,Starter,Romantic Comedy
39517763,Starter,Horror
80571655,Starter,Horror
623374,Starter,Western
12044087,Starter,Action
24793509,Starter,Black Comedy
10363341,Starter,Concert/Performance
77086030,Starter,Action
38230435,Starter,Comedy
5654777,Starter,Thriller/Suspense
114326736,Starter,Comedy
88915214,Starter,Romantic Comedy
18522064,Starter,Action
16655224,Starter,Comedy
94999143,Starter,Thriller/Suspense
42670410,Starter,Horror
41196,Starter,Horror
51970690,Starter,Action
1069318,Starter,Romantic Comedy
12398628,Starter,Drama
62318875,Starter,Action
8535575,Starter,Drama
52752475,Starter,Drama
10447421,Starter,Action
26403,Starter,Thriller/Suspense
24537621,Starter,Action
28687835,Starter,Thriller/Suspense
293004164,Starter,Adventure
83823381,Starter,Drama
18761993,Starter,Drama
38116707,Starter,Horror
21468807,Starter,Horror
1032075,Starter,Drama
83077470,Starter,Thriller/Suspense
19478106,Starter,Adventure
20384136,Starter,Horror
14046595,Starter,Action
30695227,Starter,Drama
2073984,Starter,Drama
6777741,Starter,Drama
881745,Starter,Horror
3347411,Starter,Drama
16123851,Starter,Drama
70511035,Starter,Action
34145,,
120150546,Starter,Action
114197520,Starter,Thriller/Suspense
4859475,Starter,Black Comedy
14010690,Starter,Action
9427026,Starter,Comedy
6167817,Starter,Drama
68473360,Starter,Action
20268825,Starter,Horror
100614858,Starter,Thriller/Suspense
47546796,Starter,Action
12899867,Starter,Comedy
0,Starter,Action
35231365,Starter,Comedy
52894169,Starter,Drama
110485654,Starter,Romantic Comedy
21005329,Starter,Comedy
2077046,Starter,Comedy
43057470,Starter,Drama
234750,,
16124543,Starter,Comedy
24793251,Starter,Comedy
223808164,Starter,Comedy
22466994,Starter,Action
580862,Starter,Black Comedy
627047,Starter,Action
234280354,Starter,Action
107509799,Starter,Action
5529144,Starter,Drama
19097550,Starter,Romantic Comedy
127188,Starter,Comedy
5951693,Starter,Drama
19389454,Starter,Comedy
2283849,Starter,Documentary
69148997,Starter,Comedy
16186348,Starter,Horror
60400856,Starter,Romantic Comedy
1060512,Starter,Drama
7460204,Starter,Drama
3058380,Starter,Drama
209218368,Starter,Comedy
31726995,Starter,Romantic Comedy
1350248,Starter,Drama
28563179,Starter,Drama
78120196,Starter,Drama
5128124,Starter,Drama
377556,Starter,Thriller/Suspense
35990505,Starter,Comedy
20779666,Starter,Drama
18317151,Starter,Comedy
33771174,Starter,Drama
4142507,Starter,Comedy
13043363,Starter,Comedy
42436517,Starter,Comedy
47860214,Starter,Horror
55485043,Starter,Drama
1669971,Starter,Drama
12831121,Starter,Thriller/Suspense
77233467,Starter,Adventure
29795299,Starter,Thriller/Suspense
16862585,Starter,Romantic Comedy
40914068,Starter,Action
32647042,Starter,Comedy
11578022,Starter,Action
780326,Starter,Drama
1090947,Starter,Comedy
155464351,Starter,Thriller/Suspense
119519402,Starter,Drama
41227069,Starter,Drama
6882696,Starter,Horror
113805681,Starter,Adventure
0,Starter,Horror
56094360,Starter,Drama
134508551,Starter,Action
5018450,Starter,Romantic Comedy
61979680,Starter,Horror
179883157,Starter,Action
26902075,Starter,Comedy
8064972,Starter,Romantic Comedy
25059640,Starter,Comedy
58156435,Starter,Comedy
32267774,Starter,Comedy
107492,Starter,Drama
6291602,Starter,Comedy
3121270,Starter,Documentary
26236603,Starter,Drama
46213824,Starter,Action
70278893,Starter,Drama
28946615,Starter,Thriller/Suspense
12482775,Starter,Drama
37760080,Starter,Adventure
10275638,Starter,Thriller/Suspense
161491646,Starter,Comedy
15417771,Starter,Horror
182805123,Starter,Romantic Comedy
6047856,Starter,Action
20982478,Starter,Action
83898313,Starter,Action
12482741,Starter,Drama
157299717,Starter,Action
214949694,Starter,Action
234362462,Starter,Action
25572,,
101384023,Starter,Action
26873932,Starter,Action
882710,Starter,Drama
69586544,Starter,Comedy
9180275,Starter,Drama
43337279,Starter,Comedy
396035,Starter,Drama
97690976,Starter,Comedy
2426851,Starter,Black Comedy
53359917,Starter,Comedy
115821495,Starter,Drama
15285588,Starter,Comedy
13649881,Starter,Drama
19762690,Starter,Adventure
58163,,
11001272,Starter,Drama
28045540,Starter,Adventure
2080693,Starter,Comedy
45172250,Starter,Comedy
75590286,Starter,Comedy
31452765,Starter,Comedy
33080084,Starter,Thriller/Suspense
11989328,Starter,Adventure
45575336,Starter,Adventure
93828745,Starter,Adventure
